{"cameraMode":{"drawMode":0,"name":"Shaded","section":"Shading Mode"},"sceneLighting":false,"audioPlay":false,"sceneViewState":{"showFog":true,"showMaterialUpdate":false,"showSkybox":false,"showFlares":true,"showImageEffects":true,"showParticleSystems":true},"in2DMode":false,"pivot":{"x":17.07684326171875,"y":4.68645715713501,"z":-11.627614974975586},"rotation":{"x":0.1865110695362091,"y":-0.055176254361867908,"z":0.00942236464470625,"w":0.9810851812362671},"size":0.5597525835037231,"orthographic":false}